<edmx:Edmx
    xmlns:edmx="http://schemas.microsoft.com/ado/2007/06/edmx"
    xmlns:m="http://schemas.microsoft.com/ado/2007/08/dataservices/metadata"
    xmlns:sap="http://www.sap.com/Protocols/SAPData" Version="1.0">
    <edmx:Reference
        xmlns:edmx="http://docs.oasis-open.org/odata/ns/edmx" Uri="./IWFND/CATALOGSERVICE;v=2/Vocabularies(TechnicalName='%2FIWBEP%2FVOC_COMMON',Version='0001',SAP__Origin='LOCAL')/$value">
        <edmx:Include Namespace="com.sap.vocabularies.Common.v1" Alias="Common"/>
    </edmx:Reference>
    <edmx:DataServices m:DataServiceVersion="2.0">
        <Schema
            xmlns="http://schemas.microsoft.com/ado/2008/09/edm" Namespace="ZSJWORKCENTER_SRV" xml:lang="en" sap:schema-version="1">
            <EntityType Name="ZSJ_WorkCenterProductCostResult" sap:semantics="aggregate" sap:label="ZSJ_WorkCenterProductCost" sap:content-version="1">
                <Key>
                    <PropertyRef Name="ID"/>
                </Key>
                <Property Name="ID" Type="Edm.String" Nullable="false" sap:sortable="false" sap:filterable="false"/>
                <Property Name="WorkCenterInternalID" Type="Edm.String" MaxLength="8" sap:aggregation-role="dimension" sap:display-format="NonNegative" sap:label="Object ID" sap:quickinfo="Object ID of the resource"/>
                <Property Name="WorkCenter" Type="Edm.String" MaxLength="8" sap:aggregation-role="dimension" sap:display-format="UpperCase" sap:label="Work Center"/>
                <Property Name="OrderOperation" Type="Edm.String" MaxLength="4" sap:aggregation-role="dimension" sap:display-format="UpperCase" sap:label="Operation"/>
                <Property Name="OrderID" Type="Edm.String" MaxLength="12" sap:aggregation-role="dimension" sap:display-format="UpperCase" sap:text="OrderDescription" sap:label="Order" sap:quickinfo="Order Number"/>
                <Property Name="GLAccount" Type="Edm.String" MaxLength="10" sap:aggregation-role="dimension" sap:display-format="UpperCase" sap:label="G/L Account" sap:quickinfo="General Ledger Account"/>
                <Property Name="Material" Type="Edm.String" MaxLength="40" sap:aggregation-role="dimension" sap:display-format="UpperCase" sap:label="Material" sap:quickinfo="Material Number"/>
                <Property Name="Plant" Type="Edm.String" MaxLength="4" sap:aggregation-role="dimension" sap:display-format="UpperCase" sap:label="Plant"/>
                <Property Name="PartnerCostCenter" Type="Edm.String" MaxLength="10" sap:aggregation-role="dimension" sap:display-format="UpperCase" sap:label="Partner Cost Center"/>
                <Property Name="PartnerCostCtrActivityType" Type="Edm.String" MaxLength="6" sap:aggregation-role="dimension" sap:display-format="UpperCase" sap:label="ParActivity" sap:quickinfo="Partner activity"/>
                <Property Name="ControllingArea" Type="Edm.String" MaxLength="4" sap:aggregation-role="dimension" sap:display-format="UpperCase" sap:label="Controlling Area"/>
                <Property Name="CompanyCode" Type="Edm.String" MaxLength="4" sap:aggregation-role="dimension" sap:display-format="UpperCase" sap:label="Company Code"/>
                <Property Name="BusinessArea" Type="Edm.String" MaxLength="4" sap:aggregation-role="dimension" sap:display-format="UpperCase" sap:label="Business Area"/>
                <Property Name="ProfitCenter" Type="Edm.String" MaxLength="10" sap:aggregation-role="dimension" sap:display-format="UpperCase" sap:label="Profit Center"/>
                <Property Name="ChartOfAccounts" Type="Edm.String" MaxLength="4" sap:aggregation-role="dimension" sap:display-format="UpperCase" sap:label="Chart of Accounts"/>
                <Property Name="ValidityDate" Type="Edm.DateTime" Precision="0" sap:aggregation-role="dimension" sap:display-format="Date"/>
                <Property Name="OrderDescription" Type="Edm.String" MaxLength="40" sap:label="Order Desc." sap:quickinfo="Order Description"/>
                <Property Name="OrderCategory" Type="Edm.String" MaxLength="2" sap:aggregation-role="dimension" sap:display-format="NonNegative" sap:label="Order Category"/>
                <Property Name="OrderType" Type="Edm.String" MaxLength="4" sap:aggregation-role="dimension" sap:display-format="UpperCase" sap:label="Order Type"/>
                <Property Name="ReferenceOrder" Type="Edm.String" MaxLength="12" sap:aggregation-role="dimension" sap:display-format="UpperCase" sap:label="External Order No." sap:quickinfo="External Order Number"/>
                <Property Name="MfgOrderHasMultipleItems" Type="Edm.String" MaxLength="1" sap:aggregation-role="dimension" sap:display-format="UpperCase" sap:label="Joint Production"/>
                <Property Name="ControllingObjectStatus" Type="Edm.String" MaxLength="4" sap:aggregation-role="dimension" sap:display-format="UpperCase"/>
                <Property Name="MRPPlant" Type="Edm.String" MaxLength="4" sap:aggregation-role="dimension" sap:display-format="UpperCase" sap:label="Planning Plant" sap:quickinfo="Planning Plant for The Order"/>
                <Property Name="UnitOfMeasure" Type="Edm.String" MaxLength="3" sap:aggregation-role="dimension" sap:label="Unit of Measure" sap:semantics="unit-of-measure"/>
                <Property Name="DisplayCurrency" Type="Edm.String" MaxLength="5" sap:aggregation-role="dimension" sap:label="Currency" sap:semantics="currency-code"/>
                <Property Name="DebitPlanCostInDspCrcy" Type="Edm.Decimal" Precision="24" Scale="3" sap:aggregation-role="measure" sap:unit="DisplayCurrency" sap:label="Plan Cost Debit" sap:filterable="false"/>
                <Property Name="DebitPlnFxdCostInDspCrcy" Type="Edm.Decimal" Precision="24" Scale="3" sap:aggregation-role="measure" sap:unit="DisplayCurrency" sap:label="Plan FxdCst DR" sap:quickinfo="Plan Fixed Cost Debit" sap:filterable="false"/>
                <Property Name="DebitPlnVarblCostInDspCrcy" Type="Edm.Decimal" Precision="24" Scale="3" sap:aggregation-role="measure" sap:unit="DisplayCurrency" sap:label="PlanVarblCst DR" sap:quickinfo="Plan Variable Cost Debit" sap:filterable="false"/>
                <Property Name="DebitActlCostInDspCrcy" Type="Edm.Decimal" Precision="24" Scale="3" sap:aggregation-role="measure" sap:unit="DisplayCurrency" sap:label="Actual Cost Debit" sap:filterable="false"/>
                <Property Name="DebitActlFxdCostInDspCrcy" Type="Edm.Decimal" Precision="24" Scale="3" sap:aggregation-role="measure" sap:unit="DisplayCurrency" sap:label="Actl FxdCst DR" sap:quickinfo="Actual Fixed Cost Debit" sap:filterable="false"/>
                <Property Name="DebitActlVarblCostInDspCrcy" Type="Edm.Decimal" Precision="24" Scale="3" sap:aggregation-role="measure" sap:unit="DisplayCurrency" sap:label="ActVarCost DR" sap:quickinfo="Actual Variable Cost Debit" sap:filterable="false"/>
                <Property Name="DebitActlPlnDiffCostInDspCrcy" Type="Edm.Decimal" Precision="24" Scale="3" sap:aggregation-role="measure" sap:unit="DisplayCurrency" sap:label="Plan DR/Actl DR Varc" sap:quickinfo="Plan Cost Debit/Actual Cost Debit Variance" sap:filterable="false"/>
                <Property Name="DebitActlPlanDiffPercent" Type="Edm.Decimal" Precision="15" Scale="2" sap:aggregation-role="dimension" sap:label="DR Plan/Actl Varc(%)" sap:quickinfo="Plan Debit/Actual Debit Cost Variance(%)"/>
                <Property Name="ActualQtyInCostSourceUnit" Type="Edm.Decimal" Precision="23" Scale="3" sap:aggregation-role="measure" sap:unit="UnitOfMeasure" sap:label="Actual Quantity" sap:filterable="false"/>
                <Property Name="PlanQtyInCostSourceUnit" Type="Edm.Decimal" Precision="23" Scale="3" sap:aggregation-role="measure" sap:unit="UnitOfMeasure" sap:label="Plan Quantity" sap:filterable="false"/>
                <Property Name="ActlPlanDiffQuantity" Type="Edm.Decimal" Precision="23" Scale="3" sap:aggregation-role="measure" sap:unit="UnitOfMeasure" sap:label="Plan/Act Qty Varc" sap:quickinfo="Plan/Actual Quantity Variance" sap:filterable="false"/>
                <Property Name="WorkCenterText" Type="Edm.String" MaxLength="40" sap:aggregation-role="dimension" sap:label="Work Center Text"/>
                <Property Name="MaterialName" Type="Edm.String" MaxLength="40" sap:aggregation-role="dimension" sap:label="Material Desc" sap:quickinfo="Material Description"/>
                <Property Name="GLAccountName" Type="Edm.String" MaxLength="20" sap:aggregation-role="dimension" sap:label="Short Text" sap:quickinfo="G/L account short text"/>
                <Property Name="CostCenterName" Type="Edm.String" MaxLength="20" sap:aggregation-role="dimension" sap:label="Cost Center Name"/>
                <Property Name="CostCenterDescription" Type="Edm.String" MaxLength="40" sap:aggregation-role="dimension" sap:label="Cost Center Desc" sap:quickinfo="Description of Cost Center"/>
                <Property Name="CostCtrActivityTypeName" Type="Edm.String" MaxLength="20" sap:aggregation-role="dimension" sap:label="Name" sap:quickinfo="General Name"/>
                <Property Name="CostCtrActivityTypeDesc" Type="Edm.String" MaxLength="40" sap:aggregation-role="dimension" sap:label="Long Text"/>
                <Property Name="OperationDescription" Type="Edm.String" MaxLength="40" sap:aggregation-role="dimension" sap:label="Operation Short Text"/>
                <NavigationProperty Name="Parameters" Relationship="ZSJWORKCENTER_SRV.assoc_9019486F3284CBB8CE73B9B434D888D2" FromRole="ToRole_assoc_9019486F3284CBB8CE73B9B434D888D2" ToRole="FromRole_assoc_9019486F3284CBB8CE73B9B434D888D2" sap:filterable="false"/>
            </EntityType>
            <EntityType Name="ZSJ_WorkCenterProductCostParameters" sap:semantics="parameters" sap:content-version="1">
                <Key>
                    <PropertyRef Name="P_FromFiscalYearPeriod"/>
                    <PropertyRef Name="P_ToFiscalYearPeriod"/>
                    <PropertyRef Name="P_CurrencyRole"/>
                </Key>
                <Property Name="P_FromFiscalYearPeriod" Type="Edm.String" Nullable="false" MaxLength="7" sap:display-format="NonNegative" sap:parameter="mandatory" sap:label="Fiscal Year Period" sap:creatable="false" sap:updatable="false" sap:sortable="false" sap:filterable="false"/>
                <Property Name="P_ToFiscalYearPeriod" Type="Edm.String" Nullable="false" MaxLength="7" sap:display-format="NonNegative" sap:parameter="mandatory" sap:label="Fiscal Year Period" sap:creatable="false" sap:updatable="false" sap:sortable="false" sap:filterable="false"/>
                <Property Name="P_CurrencyRole" Type="Edm.String" Nullable="false" MaxLength="10" sap:display-format="UpperCase" sap:parameter="mandatory" sap:label="Currency Role" sap:creatable="false" sap:updatable="false" sap:sortable="false" sap:filterable="false"/>
                <NavigationProperty Name="Results" Relationship="ZSJWORKCENTER_SRV.assoc_9019486F3284CBB8CE73B9B434D888D2" FromRole="FromRole_assoc_9019486F3284CBB8CE73B9B434D888D2" ToRole="ToRole_assoc_9019486F3284CBB8CE73B9B434D888D2"/>
            </EntityType>
            <Association Name="assoc_9019486F3284CBB8CE73B9B434D888D2" sap:content-version="1">
                <End Type="ZSJWORKCENTER_SRV.ZSJ_WorkCenterProductCostParameters" Multiplicity="1" Role="FromRole_assoc_9019486F3284CBB8CE73B9B434D888D2"/>
                <End Type="ZSJWORKCENTER_SRV.ZSJ_WorkCenterProductCostResult" Multiplicity="*" Role="ToRole_assoc_9019486F3284CBB8CE73B9B434D888D2"/>
            </Association>
            <EntityContainer Name="ZSJWORKCENTER_SRV_Entities" m:IsDefaultEntityContainer="true" sap:supported-formats="atom json xlsx">
                <EntitySet Name="ZSJ_WorkCenterProductCostResults" EntityType="ZSJWORKCENTER_SRV.ZSJ_WorkCenterProductCostResult" sap:creatable="false" sap:updatable="false" sap:deletable="false" sap:searchable="true" sap:addressable="false" sap:content-version="1"/>
                <EntitySet Name="ZSJ_WorkCenterProductCost" EntityType="ZSJWORKCENTER_SRV.ZSJ_WorkCenterProductCostParameters" sap:creatable="false" sap:updatable="false" sap:deletable="false" sap:pageable="false" sap:content-version="1"/>
                <AssociationSet Name="assoc_9019486F3284CBB8CE73B9B434D888D2" Association="ZSJWORKCENTER_SRV.assoc_9019486F3284CBB8CE73B9B434D888D2" sap:creatable="false" sap:updatable="false" sap:deletable="false" sap:content-version="1">
                    <End EntitySet="ZSJ_WorkCenterProductCost" Role="FromRole_assoc_9019486F3284CBB8CE73B9B434D888D2"/>
                    <End EntitySet="ZSJ_WorkCenterProductCostResults" Role="ToRole_assoc_9019486F3284CBB8CE73B9B434D888D2"/>
                </AssociationSet>
            </EntityContainer>
            <atom:link
                xmlns:atom="http://www.w3.org/2005/Atom" rel="self" href="./sap/ZSJWORKCENTER_SRV/$metadata"/>
                <atom:link
                    xmlns:atom="http://www.w3.org/2005/Atom" rel="latest-version" href="./sap/ZSJWORKCENTER_SRV/$metadata"/>
                </Schema>
            </edmx:DataServices>
        </edmx:Edmx>