<edmx:Edmx
    xmlns:edmx="http://docs.oasis-open.org/odata/ns/edmx" Version="4.0">
    <edmx:Reference Uri="../../catalogservice;v=2/Vocabularies(TechnicalName='%2FIWBEP%2FVOC_COMMON',Version='0001',SAP__Origin='LOCAL')/$value">
        <edmx:Include Namespace="com.sap.vocabularies.Common.v1" Alias="Common"/>
    </edmx:Reference>
    <edmx:Reference Uri="../../catalogservice;v=2/Vocabularies(TechnicalName='%2FIWBEP%2FVOC_UI',Version='0001',SAP__Origin='LOCAL')/$value">
        <edmx:Include Namespace="com.sap.vocabularies.UI.v1" Alias="UI"/>
    </edmx:Reference>
    <edmx:Reference Uri="../../catalogservice;v=2/Vocabularies(TechnicalName='%2FIWBEP%2FVOC_COMMUNICATION',Version='0001',SAP__Origin='LOCAL')/$value">
        <edmx:Include Namespace="com.sap.vocabularies.Communication.v1" Alias="Communication"/>
    </edmx:Reference>
    <edmx:Reference Uri="../../../sap/zsjworkcenter_srv/$metadata">
        <edmx:Include Namespace="ZSJWORKCENTER_SRV" Alias="SAP"/>
    </edmx:Reference>
    <edmx:DataServices>
        <Schema
            xmlns="http://docs.oasis-open.org/odata/ns/edm" Namespace="zsjworkcenter_anno_mdl.v1">
            <Annotations Target="ZSJWORKCENTER_SRV.ZSJ_WorkCenterProductCostResult/P_FromFiscalYearPeriod">
                <Annotation Term="UI.Hidden"/>
            </Annotations>
            <Annotations Target="ZSJWORKCENTER_SRV.ZSJ_WorkCenterProductCostResult/P_ToFiscalYearPeriod">
                <Annotation Term="UI.Hidden"/>
            </Annotations>
            <Annotations Target="ZSJWORKCENTER_SRV.ZSJ_WorkCenterProductCostResult/P_CurrencyRole">
                <Annotation Term="UI.Hidden"/>
            </Annotations>
            <Annotations Target="ZSJWORKCENTER_SRV.ZSJ_WorkCenterProductCostResult/ID">
                <Annotation Term="UI.Hidden"/>
            </Annotations>
            <Annotations Target="ZSJWORKCENTER_SRV.ZSJ_WorkCenterProductCostResult">
                <Annotation Term="UI.Chart" Qualifier="DefaultDrillDownChart">
                    <Record Type="UI.ChartDefinitionType">
                        <PropertyValue Property="Title" String="By Reporting Period"/>
                        <PropertyValue Property="Description" String="By Reporting Period"/>
                        <PropertyValue Property="ChartType" EnumMember="UI.ChartType/Column"/>
                        <PropertyValue Property="Dimensions">
                            <Collection>
                                <PropertyPath>WorkCenter</PropertyPath>
                            </Collection>
                        </PropertyValue>
                        <PropertyValue Property="Measures">
                            <Collection>
                                <PropertyPath>DebitPlanCostInDspCrcy</PropertyPath>
                            </Collection>
                        </PropertyValue>
                    </Record>
                </Annotation>
                <Annotation Term="UI.HeaderInfo">
                    <Record>
                        <PropertyValue Property="TypeName" String="Work Center"/>
                        <PropertyValue Property="TypeNamePlural" String="Work Center"/>
                        <PropertyValue Property="Title">
                            <Record Type="UI.DataField">
                                <PropertyValue Property="Value" Path="WorkCenter"/>
                            </Record>
                        </PropertyValue>
                    </Record>
                </Annotation>
                <Annotation Term="UI.LineItem" Qualifier="WorkCenterTable">
                    <Collection>
                        <Record Type="UI.DataField">
                            <PropertyValue Property="Value" Path="WorkCenter"/>
                            <Annotation Term="UI.Importance" EnumMember="UI.ImportanceType/High"/>
                        </Record>
                        <Record Type="UI.DataField">
                            <PropertyValue Property="Value" Path="OrderOperation"/>
                            <Annotation Term="UI.Importance" EnumMember="UI.ImportanceType/High"/>
                        </Record>
                        <Record Type="UI.DataField">
                            <PropertyValue Property="Value" Path="OrderID"/>
                            <Annotation Term="UI.Importance" EnumMember="UI.ImportanceType/High"/>
                        </Record>
                        <Record Type="UI.DataField">
                            <PropertyValue Property="Value" Path="GLAccount"/>
                            <Annotation Term="UI.Importance" EnumMember="UI.ImportanceType/High"/>
                        </Record>
                        <Record Type="UI.DataField">
                            <PropertyValue Property="Value" Path="DebitPlanCostInDspCrcy"/>
                            <Annotation Term="UI.Importance" EnumMember="UI.ImportanceType/High"/>
                        </Record>
                    </Collection>
                </Annotation>
                <Annotation Term="UI.PresentationVariant" Qualifier="ChartPresentationVariant">
                    <Record>
                        <PropertyValue Property="Text" String="ChartPresentationVariant"/>
                        <PropertyValue Property="SortOrder">
                            <Collection>
                                <Record Type="Common.SortOrderType">
                                    <PropertyValue Property="Property" PropertyPath="WorkCenter"/>
                                    <PropertyValue Property="Descending" Bool="false"/>
                                </Record>
                                <Record Type="Common.SortOrderType">
                                    <PropertyValue Property="Property" PropertyPath="OrderOperation"/>
                                    <PropertyValue Property="Descending" Bool="false"/>
                                </Record>
                            </Collection>
                        </PropertyValue>
                        <PropertyValue Property="Visualizations">
                            <Collection>
                                <AnnotationPath>@UI.Chart#DefaultDrillDownChart</AnnotationPath>
                            </Collection>
                        </PropertyValue>
                    </Record>
                </Annotation>
                <Annotation Term="UI.PresentationVariant" Qualifier="DefaultPresentationVariant">
                    <Record>
                        <PropertyValue Property="Text" String="DefaultPresentationVariant"/>
                        <PropertyValue Property="SortOrder">
                            <Collection>
                                <Record Type="Common.SortOrderType">
                                    <PropertyValue Property="Property" PropertyPath="WorkCenter"/>
                                    <PropertyValue Property="Descending" Bool="false"/>
                                </Record>
                            </Collection>
                        </PropertyValue>
                        <PropertyValue Property="Visualizations">
                            <Collection>
                                <AnnotationPath>@UI.LineItem#DetailInfoTable</AnnotationPath>
                            </Collection>
                        </PropertyValue>
                    </Record>
                </Annotation>
            </Annotations>
        </Schema>
    </edmx:DataServices>
</edmx:Edmx>