{
  "projectType": [
    "sap.watt.saptoolsets.fiori.project.uiadaptation",
    "sap.watt.uitools.ide.fiori"
  ],
  "generation": [
    {
      "templateId": "ALP_WebIDE_Plugin.analyticallistpage",
      "templateVersion": "1.41.1",
      "dateTimeStamp": "Wed, 29 Nov 2017 05:59:19 GMT"
    }
  ],
  "translation": {
    "translationDomain": "",
    "supportedLanguages": "en,fr,de",
    "defaultLanguage": "en",
    "defaultI18NPropertyFile": "i18n.properties",
    "resourceModelName": "i18n"
  },
  "mockpreview": {
    "mockUri": "/sap/opu/odata/sap/ZSJWORKCENTER_SRV/",
    "metadataFilePath": "localService/metadata.xml",
    "loadJSONFiles": false,
    "loadCustomRequests": false,
    "mockRequestsFilePath": ""
  },
  "basevalidator": {
    "services": {
      "xml": "xmlValidator",
      "js": "jsValidator"
    }
  },
  "codeCheckingTriggers": {
    "notifyBeforePush": true,
    "notifyBeforePushLevel": "Error",
    "blockPush": false,
    "blockPushLevel": "Error"
  },
  "hcpdeploy": {
    "account": "fiori",
    "name": "zsj_workcenter",
    "entryPath": "webapp"
  }
}