{
  "run": [
    {
      "flpAppName": "zsj_workcenter",
      "flpDestName": "UYTCLNT902",
      "hcpAccount": "fiori",
      "flpName": "",
      "hcpProvider": "",
      "emdType": "ABAP",
      "filePath": "/zsj_workcenter",
      "workspaceApplications": [],
      "oUrlParameters": [],
      "urlParametersNotNeeded": false,
      "oHashParameter": "",
      "_metadata": {
        "id": 7902977,
        "runnerId": "embeddedrunner",
        "displayName": "Run zsj_workcenter",
        "lastRunTimeStamp": 1512025404156
      }
    }
  ]
}